<?xml version="1.0" encoding="UTF-8" standalone="yes"?>

<addon id="repository.bookmarklite" name="Bookmark Lite" version="2.2" provider-name="Altruistic">
  <extension point="xbmc.addon.repository" name="Bookmark Lite">
        <dir>
           <info compressed="false">https://raw.githubusercontent.com/teamuniversal/scrapers/master/_modules4all/zips/addons.xml</info>
           <checksum>https://raw.githubusercontent.com/teamuniversal/scrapers/master/_modules4all/zips/addons.xml.md5</checksum>
           <datadir zip="true">https://raw.githubusercontent.com/teamuniversal/scrapers/master/_modules4all/zips/</datadir>
        </dir> 
        <dir>
			<info compressed="false">https://raw.githubusercontent.com/tubestrending/john/master/addons.xml</info>
			<checksum>https://raw.githubusercontent.com/tubestrending/john/master/addons.xml.md5</checksum>
			<datadir zip="true">https://raw.githubusercontent.com/tubestrending/john/master/</datadir>
		</dir>
		<dir>
			<info compressed="false">https://raw.githubusercontent.com/totalrevolution/python-koding/master/zips/addons.xml</info>
			<checksum>https://raw.githubusercontent.com/totalrevolution/python-koding/master/zips/addons.xml.md5</checksum>
			<datadir zip="true">https://raw.githubusercontent.com/totalrevolution/python-koding/master/zips/</datadir>
		</dir>
		<dir>
			<info compressed="false">https://raw.githubusercontent.com/jsergio123/zips/master/addons.xml</info>
			<checksum>https://raw.githubusercontent.com/jsergio123/zips/master/addons.xml.md5</checksum>
			<datadir zip="true">https://raw.githubusercontent.com/jsergio123/zips/master/</datadir>
		</dir>		
  </extension>
  <extension point="xbmc.addon.metadata">
    <summary lang="en">Here to flatten your a$$!</summary>
    <description lang="en">Free IPTV from open Internet source.</description>
    <platform>all</platform>
  </extension>
</addon>