<?xml version="1.0" encoding="UTF-8"?>
    <addon id="repository.gruprepo" name="T4K Grup Repo" version="1.0.3" provider-name="unicsuc">
        <requires>
            <import addon="xbmc.addon" version="12.0.0"/>
        </requires>
        <extension point="xbmc.addon.repository" name="T4K Grup Repo">
            <info compressed="false">https://github.com/unicsuc/gruprepo/raw/master/_repo/addons.xml</info>
            <checksum>https://github.com/unicsuc/gruprepo/raw/master/_repo/addons.xml.md5</checksum>
            <datadir zip="true">https://github.com/unicsuc/gruprepo/raw/master/_repo/</datadir>
            <hashes>false</hashes>
        </extension>
        <extension point="xbmc.addon.metadata">
            <summary>Repo T4K Grup</summary>
            <description>Repo T4K Grup</description>
            <platform>all</platform>
    </extension>
</addon>