﻿<?xml version="1.0" encoding="UTF-8" standalone="yes"?>
<addon id="plugin.video.sli" name="[B][COLOR pink]Self[COLOR cyan]Less [COLOR yellow]Lite[/COLOR][/B]" version="2.1" provider-name="Altruistic">
    <requires>
        <import addon="xbmc.python" version="2.19.0" />
        <import addon="script.module.universalscrapers" version="1.0.0" />
        <import addon="script.module.python.koding.aio" version="0.9.6.6" />
        <import addon="script.module.beautifulsoup" version="3.2.1" />
        <import addon="script.module.requests" version="2.9.1" />
        <import addon="script.module.addon.common" version="2.0.0" />
        <import addon="script.module.xmltodict" version="0.9.0" />
        <!--<import addon="script.module.web-pdb" version="1.0"/>-->
        <import addon="script.module.resolveurl" />
		<import addon="plugin.video.live.streamspro" version="2.8.1" />
		<import addon="plugin.video.f4mTester" version="2.7.2" />
        <import addon="script.video.F4mProxy" version="2.8.7" />
		<import addon="script.module.tt" version="1.3" />
        <import addon="script.module.livenettv.net" version="1.2.1" />
		<import addon="script.module.swiftstreamz" version="9" />
		<import addon="script.module.dateutil" />
    </requires>
    <extension point="xbmc.python.pluginsource" library="default.py">
        <provides>audio video</provides>
    </extension>
    <extension point="xbmc.service" library="service.py" start="[login|startup]" />
    <extension point="xbmc.addon.metadata">
      <summary lang="en">Here to flatten your a$$!</summary>
      <disclaimer lang="en">Search engine for Internet Tv Channels available in the open Internet places.</disclaimer>
           <platform>all</platform>
        <website></website>
        <video_guide></video_guide>
    </extension>
</addon>
